-77.6802533,43.0837859,-77.66562378915759,43.08664604670893
-77.6802533,43.0837859,-77.66569673972484,43.10022805913881
-77.6802535,43.0837851,-77.68110412918452,43.0775585551862
-77.6802535,43.0837851,-77.6630349106394,43.09100332584888
-77.6802441,43.0837781,-77.66983578818184,43.085140999933394
-77.6802441,43.0837781,-77.65954106533894,43.096992706069265
-77.6802451,43.0837764,-77.6832639361502,43.068263840151616
-77.6802451,43.0837764,-77.69508672728998,43.07848632973791
-77.6802429,43.0837752,-77.66172097389338,43.0873065510605
-77.6802429,43.0837752,-77.67948878836904,43.086216918190345
-77.680241,43.0837745,-77.69713950923517,43.088031356338085
-77.680241,43.0837745,-77.70041404569128,43.06108800135969
-77.6802365,43.0837729,-77.66612447186692,43.05955467741606
-77.6802365,43.0837729,-77.67492016769208,43.078665016814604
-77.6802315,43.08377,-77.69548895865357,43.07299901789448
-77.6802315,43.08377,-77.67971835447611,43.081142422742175
-77.6802253,43.0837653,-77.6855683578799,43.07282523655923
-77.6802253,43.0837653,-77.69249245284767,43.06658542859263
-77.6802059,43.083753,-77.68277927508625,43.07990957228209
-77.6802059,43.083753,-77.73051646497034,43.069221082590595
-77.6801884,43.0837447,-77.6794445390889,43.0630144338647
-77.6801884,43.0837447,-77.679294671555,43.08744000823891
-77.6801725,43.0837375,-77.68245587555772,43.06280619728523
-77.6801725,43.0837375,-77.66513586359673,43.08082474520704
-77.6801685,43.0837442,-77.67704413026713,43.067374409913306
-77.6801685,43.0837442,-77.68337511981632,43.0761878506946
-77.6801551,43.083745,-77.66559889266358,43.08502635346474
-77.6801551,43.083745,-77.69031897711307,43.0888667273493
-77.6801392,43.0837419,-77.68013634837006,43.08683467261984
-77.6801392,43.0837419,-77.67323798992126,43.083740707127994
-77.6801209,43.0837381,-77.69948144945346,43.07901512955646
-77.6801209,43.0837381,-77.70075339797371,43.06897411816048
-77.6801095,43.0837362,-77.67669488434969,43.084717802299856
-77.6801095,43.0837362,-77.66294044988432,43.091835284151195
-77.680092,43.0837323,-77.68199599238739,43.08358492229544
-77.680092,43.0837323,-77.64570085130813,43.05539121123496
-77.6800996,43.0837354,-77.68685904478019,43.080722390482194
-77.6800996,43.0837354,-77.68188695811658,43.07270074034073
-77.6800969,43.0837355,-77.65244391895479,43.08761060805067
-77.6800969,43.0837355,-77.69143450713975,43.0532402780486
-77.6800899,43.083735,-77.69731801514811,43.07965802594426
-77.6800899,43.083735,-77.65500606655053,43.09845779542333
-77.6801045,43.0837382,-77.64233353238244,42.98608042608748
-77.6801045,43.0837382,-77.66325262280655,43.09381766638927
-77.6801526,43.0837614,-77.69596716182129,43.11511947573409
-77.6801526,43.0837614,-77.68841031049962,43.05874626463913
-77.6801805,43.0837795,-77.68011202744401,43.0927879158541
-77.6801805,43.0837795,-77.66272830075759,43.09044556817727
-77.6801968,43.0837917,-77.66495627569037,43.08174721811608
-77.6801968,43.0837917,-77.69502410180273,43.08203231246895
-77.6802021,43.083796,-77.68984813809512,43.08968990716933
-77.6802021,43.083796,-77.68288618076546,43.08094691347424
-77.6801886,43.0837953,-77.69097180932651,43.07800849000153
-77.6801886,43.0837953,-77.65472662398079,43.06522855495165
-77.6801735,43.0837953,-77.69119608951132,43.06169950450159
-77.6801735,43.0837953,-77.6804442891016,43.073233704615006
-77.6801569,43.083793,-77.70177105763969,43.13009030980433
-77.6801569,43.083793,-77.67729079174757,43.07930542059257
-77.6801218,43.0837962,-77.6957893550274,43.06780425629609
-77.6801218,43.0837962,-77.68686334501905,43.091992395339076
-77.6801032,43.0838027,-77.69056764821973,43.09674467565577
-77.6801032,43.0838027,-77.66822809952689,43.08491426560532
-77.680075,43.0838177,-77.66584940082028,43.0998059856074
-77.680075,43.0838177,-77.72530764337994,43.08355805797451
-77.6800605,43.0838291,-77.6728989875933,43.053303355825236
-77.6800605,43.0838291,-77.6722117225378,43.04088027479963
-77.6800502,43.0838384,-77.68014754498883,43.08459515685888
-77.6800502,43.0838384,-77.66510033900093,43.12031198794856
-77.6800394,43.0838481,-77.69200076193232,43.02536923864939
-77.6800394,43.0838481,-77.65908053294088,43.08887033183188
-77.6800351,43.0838523,-77.65742948536433,43.1185552447109
-77.6800351,43.0838523,-77.6750136886516,43.07596524606155
-77.6800306,43.0838563,-77.68602443425222,43.08178666949448
-77.6800306,43.0838563,-77.69001524356068,43.092038928912814
-77.6800257,43.0838614,-77.68113908531492,43.06596708933279
-77.6800257,43.0838614,-77.68123852899134,43.07645698490917
-77.6800201,43.0838674,-77.68800334956391,43.10659909516454
-77.6800201,43.0838674,-77.71461395797765,43.07295840573435
-77.6800151,43.0838738,-77.67969456204021,43.09731321940305
-77.6800151,43.0838738,-77.64740056163465,43.10753336074511
-77.6800087,43.0838813,-77.64657153410037,43.088999709280586
-77.6800087,43.0838813,-77.66149696604073,43.11226868722552
-77.6800033,43.0838869,-77.71865698785795,43.05002909034854
-77.6800033,43.0838869,-77.67753010912472,43.085130385761715
-77.6800004,43.0838936,-77.68614256594067,43.082034965436506
-77.6800004,43.0838936,-77.68014711627058,43.07213127676129
-77.6799964,43.0839032,-77.68825812662354,43.104750962479564
-77.6799964,43.0839032,-77.69058674513015,43.11488570797059
-77.6799944,43.0839129,-77.65245639303878,43.11752130481519
-77.6799944,43.0839129,-77.6814888121739,43.08768557409176
-77.6799921,43.083922,-77.68582910099569,43.084508146496454
-77.6799921,43.083922,-77.68126615888795,43.06646804215718
-77.6799938,43.0839319,-77.66964445855817,43.07782771772587
-77.6799938,43.0839319,-77.69551654064402,43.049987322079815
-77.6799938,43.0839381,-77.67678904893774,43.08949800382192
-77.6799938,43.0839381,-77.69942589854449,43.06538132942767
-77.6799963,43.083952,-77.67999307269073,43.09150797113618
-77.6799963,43.083952,-77.66783110634417,43.086989923307556
-77.6799976,43.0839586,-77.66726007593951,43.07306286144277
-77.6799976,43.0839586,-77.68777224562217,43.08259688951239
-77.6800024,43.0839664,-77.68162964567605,43.10239776941827
-77.6800024,43.0839664,-77.67963391628749,43.07886500547075
-77.6800171,43.0839543,-77.65891635787564,43.07238054181744
-77.6800171,43.0839543,-77.67795531781695,43.07556582529864
-77.6800437,43.0839533,-77.67744758450114,43.08336735352719
-77.6800437,43.0839533,-77.67319750980232,43.053548076115646
-77.6800605,43.0839631,-77.67415102021164,43.08788372025863
-77.6800605,43.0839631,-77.67744014485066,43.08981801397615
-77.6800713,43.0839705,-77.6605541449214,43.07554428242782
-77.6800713,43.0839705,-77.68803540854744,43.07904907138191
-77.6800728,43.0840045,-77.68369626728311,43.08535800171801
-77.6800728,43.0840045,-77.70100669280556,43.104513475899665
-77.6800808,43.084023,-77.66204916297539,43.099132886608515
-77.6800808,43.084023,-77.69503314432171,43.0967374808512
-77.6800814,43.0840394,-77.67994749311835,43.08945994084929
-77.6800814,43.0840394,-77.66629044911213,43.083308641160386
-77.6800825,43.084055,-77.68061221196982,43.08549697686243
-77.6800825,43.084055,-77.67683729803964,43.046342974477476
-77.6800858,43.084064,-77.70800445087853,43.11627189322154
-77.6800858,43.084064,-77.67770497860322,43.08965670612178
-77.6800709,43.0840954,-77.68361549784203,43.08363957490519
-77.6800709,43.0840954,-77.70120922661836,43.101643546842766
-77.6800687,43.0841097,-77.66941812084087,43.08190327452611
-77.6800687,43.0841097,-77.66585573010791,43.08532478669062
-77.6800682,43.0841153,-77.69227227331545,43.097061361229095
-77.6800682,43.0841153,-77.66510864918415,43.0917739526891
-77.6800658,43.0841234,-77.66587139219581,43.074124519113994
-77.6800658,43.0841234,-77.67068021358432,43.07798263653252
-77.680069,43.0841377,-77.69591675667333,43.06706229356349
-77.680069,43.0841377,-77.65558285023758,43.097512358614665
-77.6801152,43.0841343,-77.69679826918717,43.08455742653829
-77.6801152,43.0841343,-77.70467925366768,43.10505850560652
-77.680134,43.0841307,-77.67672243353019,43.10708879574263
-77.680134,43.0841307,-77.6789483617685,43.07170657053543
-77.6801474,43.0841291,-77.68056277214814,43.074995122997834
-77.6801474,43.0841291,-77.6869819341073,43.07824907079221
-77.680117,43.0841437,-77.66549659729493,43.09774562066581
-77.680117,43.0841437,-77.68497643653593,43.07942444178586
-77.6800994,43.0841531,-77.66546641507836,43.059467987402925
-77.6800994,43.0841531,-77.69494103516378,43.121273317295
-77.6800872,43.0841512,-77.66174659189014,43.105627719639145
-77.6800872,43.0841512,-77.67945536869016,43.08747196662749
-77.6800876,43.084154,-77.68550964806323,43.12274614205804
-77.6800876,43.084154,-77.67906935598903,43.08280821511998
-77.680084,43.0841629,-77.65709636973246,43.081387253598024
-77.680084,43.0841629,-77.65500725928695,43.10529961101983
-77.6800858,43.0841678,-77.68003309646899,43.0868856755542
-77.6800858,43.0841678,-77.67918625294301,43.096569881427286
-77.6800593,43.0841654,-77.6928684184468,43.08862602272173
-77.6800593,43.0841654,-77.6798985882752,43.06652705547092
-77.6800572,43.084163,-77.67957761604767,43.06731286670901
-77.6800572,43.084163,-77.67833126274442,43.08449935998668
-77.680058,43.0841644,-77.65328504586783,43.07525021451231
-77.680058,43.0841644,-77.68317443005343,43.067285455916526
-77.6800557,43.0841667,-77.68417533576844,43.08248897715778
-77.6800557,43.0841667,-77.67943332883388,43.09315897229058
-77.6800472,43.0841708,-77.6598054925421,43.08304266344273
-77.6800472,43.0841708,-77.66662520220592,43.07842138098883
-77.680037,43.0841835,-77.69079210697389,43.0778894505506
-77.680037,43.0841835,-77.67111930023023,43.078704824606916
-77.6800278,43.0841984,-77.67382723645821,43.088596099142144
-77.6800278,43.0841984,-77.69137541502091,43.09326160510153
-77.68002,43.0842098,-77.66303688902622,43.08622914499141
-77.68002,43.0842098,-77.66953738025266,43.05586060388007
-77.6800198,43.0842222,-77.67309771496078,43.08925583790162
-77.6800198,43.0842222,-77.68038668536907,43.07841550998025
-77.6800193,43.0842417,-77.68367318427184,43.107970732753586
-77.6800193,43.0842417,-77.67568871510902,43.0950656501181
-77.6800142,43.0842557,-77.67594227787791,43.080866474256226
-77.6800142,43.0842557,-77.67385216326876,43.0954861478829
-77.6800078,43.0842892,-77.68625537581036,43.08792944745668
-77.6800078,43.0842892,-77.67869252662561,43.08623369483602
-77.6800023,43.0843027,-77.68120576424667,43.071069306110324
-77.6800023,43.0843027,-77.67248572900655,43.09167886127468
-77.6799937,43.0843198,-77.69121000968104,43.0941566539124
-77.6799937,43.0843198,-77.65577371445607,43.079739794441444
-77.6799872,43.084334,-77.6728545012703,43.08421088775945
-77.6799872,43.084334,-77.67615353611873,43.09096840640768
-77.6799814,43.0843457,-77.69385662582988,43.09401774002763
-77.6799814,43.0843457,-77.6575723751924,43.10347047938782
-77.6799822,43.0843561,-77.69732453612552,43.09040117938918
-77.6799822,43.0843561,-77.67464589480495,43.11227988122231
-77.67998,43.0843643,-77.66388774752457,43.07489721546381
-77.67998,43.0843643,-77.68262678612413,43.087924670118745
-77.6799764,43.0843722,-77.70815551752283,43.052903942733444
-77.6799764,43.0843722,-77.67421268279135,43.08482354836614
-77.6799755,43.0843994,-77.70094674023358,43.077500094460234
-77.6799755,43.0843994,-77.68068069704125,43.095880399511714
-77.679985,43.0844313,-77.67235074344511,43.09026009934119
-77.679985,43.0844313,-77.67603326730718,43.05679509318262
-77.6800135,43.0844371,-77.67800496735468,43.08395644208055
-77.6800135,43.0844371,-77.70373077411277,43.062320328341144
-77.6800226,43.0844449,-77.67453127654761,43.08503223994668
-77.6800226,43.0844449,-77.63518054281425,43.073203296768824
-77.6800291,43.0844538,-77.65846168153003,43.110585156985564
-77.6800291,43.0844538,-77.68897109173983,43.0816201390947
-77.6800264,43.0844676,-77.69114838496289,43.08088300551158
-77.6800264,43.0844676,-77.68097806744628,43.091197198573674
-77.6800185,43.084475,-77.68668731866167,43.075897080893796
-77.6800185,43.084475,-77.68515005285296,43.08811678430145
-77.6800144,43.0844811,-77.67796100916615,43.094997587695644
-77.6800144,43.0844811,-77.67859488413889,43.08246947326511
-77.6800009,43.0844865,-77.7108130534264,43.10684611983719
-77.6800009,43.0844865,-77.66979784774901,43.074712066069395
-77.6799904,43.0844891,-77.6788300302273,43.09628308449574
-77.6799904,43.0844891,-77.70507108404895,43.090746769686916
-77.6799811,43.084491,-77.65366975865565,42.994780238154846
-77.6799811,43.084491,-77.69257697678776,43.08285967205847
-77.6799712,43.0844932,-77.69333757104745,43.07145141793536
-77.6799712,43.0844932,-77.68284969601352,43.08129630475822
-77.6799571,43.0844947,-77.68403453818509,43.08735042742626
-77.6799571,43.0844947,-77.6743415696348,43.07108775662633
-77.6799474,43.084497,-77.67353031185972,43.107500928840764
-77.6799474,43.084497,-77.6890448055795,43.09941315208785
-77.6799399,43.0845006,-77.67202762400323,43.07461393512317
-77.6799399,43.0845006,-77.67755903374338,43.08999756454548
-77.6799275,43.0845042,-77.67235844935433,43.08575816677012
-77.6799275,43.0845042,-77.68421230029409,43.08511339574228
-77.6799147,43.0845089,-77.68394681021131,43.086712429115444
-77.6799147,43.0845089,-77.67652641398156,43.078789703086585
-77.6799037,43.0845098,-77.68115320153652,43.10023404749823
-77.6799037,43.0845098,-77.66674302112729,43.05370546934725
-77.6798948,43.0845188,-77.66145806091822,43.062528088901246
-77.6798948,43.0845188,-77.6944519350541,43.08423852587842
-77.6799009,43.084524,-77.69539745292178,43.088028298093356
-77.6799009,43.084524,-77.67403328420873,43.075717234787305
-77.6799091,43.0845253,-77.68780076438493,43.084980726168524
-77.6799091,43.0845253,-77.69123271916432,43.09432183069758
-77.6799209,43.0845259,-77.676973463295,43.08055290080471
-77.6799209,43.0845259,-77.68669488767254,43.076439088269325
-77.6799287,43.084524,-77.6545663632813,43.079589668295064
-77.6799287,43.084524,-77.68668763062689,43.09243513290904
-77.6799334,43.0845233,-77.6782110402797,43.07927650829853
-77.6799334,43.0845233,-77.66521162347267,43.108077855872445
-77.6799392,43.084523,-77.68636335940876,43.06872082036033
-77.6799392,43.084523,-77.68074585469493,43.083688683063244
-77.6799532,43.0845252,-77.6747471468939,43.09868691466257
-77.6799532,43.0845252,-77.68740508244697,43.09016741818756
-77.6799733,43.0845267,-77.66908168969925,43.09991903598305
-77.6799733,43.0845267,-77.68872735852858,43.09308813906014
-77.6799801,43.0845288,-77.68468121059726,43.08533794349565
-77.6799801,43.0845288,-77.68348615244679,43.077839378142464
-77.6799894,43.084529,-77.69182502467557,43.075387880174326
-77.6799894,43.084529,-77.68060395330333,43.0823934462734
-77.6800049,43.0845307,-77.67035235151046,43.10228067389854
-77.6800049,43.0845307,-77.67617852818626,43.072602872244104
-77.6800115,43.0845329,-77.67536451893145,43.07223522045814
-77.6800115,43.0845329,-77.70957102425307,43.073181493743775
-77.680019,43.084534,-77.66802200433052,43.09079492596796
-77.680019,43.084534,-77.69408948829792,43.11852870106787
-77.680028,43.0845321,-77.67673378457951,43.09460674975769
-77.680028,43.0845321,-77.66086540766166,43.10117091941276
-77.6800264,43.0845178,-77.68019389420932,43.084526727123055
-77.6800264,43.0845178,-77.70760322536813,43.038493085814046
-77.6800179,43.084512,-77.68067651532223,43.08858297488083
-77.6800179,43.084512,-77.67693390880262,43.10100667771225
-77.6799928,43.0845105,-77.67226921480224,43.08765249251525
-77.6799928,43.0845105,-77.67960657562313,43.0930089623831
-77.6799828,43.0845109,-77.67318170638191,43.08808428825992
-77.6799828,43.0845109,-77.65563787099883,43.113764082084366
-77.6799767,43.0845086,-77.6863748344888,43.070767383265924
-77.6799767,43.0845086,-77.60905729637278,43.041103591736096
-77.6799647,43.0845057,-77.67550510353593,43.084983418787516
-77.6799647,43.0845057,-77.67712247871187,43.07652140893192
-77.6799474,43.0845033,-77.68223504673985,43.116424129304804
-77.6799474,43.0845033,-77.64363264445954,43.073584740550764
-77.6799376,43.0845003,-77.66125141496518,43.06836577484336
-77.6799376,43.0845003,-77.65868577806525,43.091051799540196
-77.6799233,43.0844983,-77.68478926444196,43.08981729431609
-77.6799233,43.0844983,-77.66892758232818,43.08220643396161
-77.6799121,43.0844955,-77.69459127180266,43.06981571618662
-77.6799121,43.0844955,-77.65063150252689,43.088933191258285
-77.6798987,43.0844963,-77.68367226774174,43.09682487039605
-77.6798987,43.0844963,-77.73736580829392,43.05032024442736
-77.6798941,43.0844994,-77.68108569088038,43.08763328153092
-77.6798941,43.0844994,-77.68421604493639,43.05637790026552
-77.6798957,43.0845057,-77.67467375269536,43.06663789744374
-77.6798957,43.0845057,-77.67885362372068,43.08333289021015
-77.6799001,43.0845111,-77.65197105385501,43.05101579545129
-77.6799001,43.0845111,-77.68782346939221,43.08639493338105
-77.6799063,43.0845142,-77.69480726285394,43.08064257823317
-77.6799063,43.0845142,-77.67430384166389,43.09436669015142
-77.6799151,43.0845147,-77.68433253509697,43.10692306194109
-77.6799151,43.0845147,-77.66641190901447,43.07965851810738
-77.6799216,43.0845169,-77.67410488604703,43.08220908538967
-77.6799216,43.0845169,-77.68157572446576,43.08668577752474
-77.6799302,43.0845183,-77.67831798714731,43.06758303244615
-77.6799302,43.0845183,-77.66550841180384,43.074153001421394
-77.6799383,43.0845194,-77.67233008212585,43.07200592517392
-77.6799383,43.0845194,-77.66978691398491,43.1089071737923
-77.6799472,43.0845206,-77.67693392521925,43.082559018388125
-77.6799472,43.0845206,-77.67590984981305,43.082377202092715
-77.6799537,43.0845212,-77.68640718164478,43.08676007381718
-77.6799537,43.0845212,-77.68929243417082,43.086713706316225
-77.6799595,43.0845221,-77.67028441427313,43.07475137652273
-77.6799595,43.0845221,-77.68143575917509,43.08541963383742
-77.6799716,43.0845243,-77.68059189666079,43.092949394269866
-77.6799716,43.0845243,-77.68046446829666,43.09075860981792
-77.6799789,43.084526,-77.68428417094727,43.089464087649866
-77.6799789,43.084526,-77.68263105659148,43.07867018405332
-77.6799981,43.0845293,-77.69652835858356,43.091008690647634
-77.6799981,43.0845293,-77.6577880650014,43.08455464136919
-77.6800045,43.084533,-77.66128896880757,43.07933354915463
-77.6800045,43.084533,-77.66590506315308,43.11110112062799
-77.6800135,43.0845449,-77.6783681550139,43.09711516961978
-77.6800135,43.0845449,-77.66931206178843,43.08144769153958
-77.6800112,43.0845526,-77.69117106774878,43.07014251745147
-77.6800112,43.0845526,-77.70283664559834,43.096389014913946
-77.6800076,43.0845553,-77.68675636095927,43.08648356850913
-77.6800076,43.0845553,-77.6740640219409,43.0751856957327
-77.6799981,43.0845605,-77.68839145876609,43.08613728196636
-77.6799981,43.0845605,-77.67969846607353,43.03415187223343
-77.6799852,43.0845661,-77.6764213435433,43.0730240262527
-77.6799852,43.0845661,-77.68564625524748,43.10847286953734
-77.6799736,43.0845675,-77.69321269378231,43.097813758220745
-77.6799736,43.0845675,-77.713023702626,43.0864602384064
-77.6799627,43.0845692,-77.69651563876303,43.068534171272624
-77.6799627,43.0845692,-77.67147939544299,43.070892986653604
-77.6799539,43.0845725,-77.66777814776695,43.07256623523412
-77.6799539,43.0845725,-77.67758281057624,43.094647415258194
-77.6799407,43.0845812,-77.65730129996336,43.04217730841438
-77.6799407,43.0845812,-77.69165063426034,43.07597687039824
-77.6799385,43.0845856,-77.67949748516813,43.09146740247081
-77.6799385,43.0845856,-77.68854971410232,43.07833426400149
-77.6799285,43.0845935,-77.67095465437194,43.100169980668454
-77.6799285,43.0845935,-77.67657295277426,43.090240032276796
-77.6799214,43.0846003,-77.68846476033326,43.07194000196725
-77.6799214,43.0846003,-77.66276454077702,43.091861391476044
-77.6799206,43.0846112,-77.69439187806343,43.084858786374475
-77.6799206,43.0846112,-77.66944492057851,43.094183800423394
-77.6799216,43.0846174,-77.71176289274516,43.11697014999213
-77.6799216,43.0846174,-77.68979325996867,43.07576543607046
-77.6799203,43.0846238,-77.70464393116757,43.10529760385687
-77.6799203,43.0846238,-77.68519949441854,43.07858537184684
-77.6799236,43.084633,-77.63438453883305,43.08912567960735
-77.6799236,43.084633,-77.65256389403216,43.05240076553152
-77.6799127,43.0846492,-77.67422849712192,43.09363218067056
-77.6799127,43.0846492,-77.67377746897611,43.079401623704726
-77.6799076,43.0846577,-77.69377162508005,43.10323937891314
-77.6799076,43.0846577,-77.6965219971805,43.05189010552396
-77.6799083,43.0846636,-77.7029421467381,43.078199540804604
-77.6799083,43.0846636,-77.67572239989174,43.102815167361285
-77.6799056,43.0846722,-77.66688926737845,43.067372473694576
-77.6799056,43.0846722,-77.68746047759197,43.06856273816854
-77.6799045,43.0846814,-77.6865635256427,43.086284887502195
-77.6799045,43.0846814,-77.67018844545441,43.067813674169145
-77.6799004,43.0846903,-77.70847202283942,43.097046817965634
-77.6799004,43.0846903,-77.6657494463069,43.081865594809926
-77.6798967,43.0846967,-77.6880401485306,43.08273965787269
-77.6798967,43.0846967,-77.68011864299078,43.08190443602182
-77.6798928,43.0847024,-77.70521253866133,43.08298620406911
-77.6798928,43.0847024,-77.69511943099201,43.06388013819337
-77.679884,43.0847075,-77.67363565276153,43.12919063864461
-77.679884,43.0847075,-77.67555260885403,43.100339216782444
-77.6798714,43.0847157,-77.69834437755351,43.10177991757616
-77.6798714,43.0847157,-77.68012555893847,43.087233320895876
-77.6798623,43.0847225,-77.69666447447888,43.086447964592764
-77.6798623,43.0847225,-77.6823707330921,43.07281252667911
-77.6798557,43.0847278,-77.69091799821334,43.09984418729543
-77.6798557,43.0847278,-77.689166701581,43.08682769237466
-77.6798497,43.0847328,-77.68574488993943,43.085821727570014
-77.6798497,43.0847328,-77.66838163071624,43.107464632194194
-77.6798457,43.084738,-77.70372866193686,43.07111180991043
-77.6798457,43.084738,-77.68098531971309,43.078862877493364
-77.6798405,43.0847439,-77.66920163639826,43.089801097892796
-77.6798405,43.0847439,-77.67835835840441,43.07622078940193
-77.6798359,43.0847497,-77.68396984177232,43.071819102416455
-77.6798359,43.0847497,-77.68364967187608,43.08976071642155
-77.6798297,43.0847537,-77.6746291088206,43.065914079356496
-77.6798297,43.0847537,-77.66397632991333,43.00578414985409
-77.6798222,43.0847622,-77.69234108969843,43.08375435893453
-77.6798222,43.0847622,-77.70123408478617,43.08613046748868
-77.6798191,43.0847652,-77.73365392534744,43.10205234701368
-77.6798191,43.0847652,-77.69497455277639,43.078654171709836
-77.6798179,43.0847689,-77.68307032987455,43.08311869449604
-77.6798179,43.0847689,-77.68182928045788,43.09285877492424
-77.6798153,43.084772,-77.67804346945324,43.088776062404975
-77.6798153,43.084772,-77.68636381318038,43.07611167390332
-77.6798145,43.0847752,-77.7186265887167,43.0743742253659
-77.6798145,43.0847752,-77.64540973088565,43.10924722208215
-77.6798114,43.0847786,-77.68191891644433,43.08320532310209
-77.6798114,43.0847786,-77.67952274899882,43.08928025298052
-77.6798086,43.0847857,-77.68651760845795,43.079051099647494
-77.6798086,43.0847857,-77.67763152844569,43.0768407674783
-77.6798012,43.0847888,-77.67934396617535,43.13036536536783
-77.6798012,43.0847888,-77.6470617404236,43.09843472177346
-77.6797976,43.0847913,-77.66466636151502,43.083017340882556
-77.6797976,43.0847913,-77.67916501009152,43.08520992304906
-77.6797961,43.0847936,-77.69788847782831,43.12801155593809
-77.6797961,43.0847936,-77.67578789926903,43.11333558759439
-77.6797924,43.084797,-77.65481893734724,43.0468865554589
-77.6797924,43.084797,-77.68032812557111,43.06902416807496
-77.6797914,43.0847995,-77.68999728029455,43.09278350137792
-77.6797914,43.0847995,-77.65149038649554,43.095795382154776
-77.6797814,43.0848073,-77.66988332374201,43.090277460874425
-77.6797814,43.0848073,-77.68062481515396,43.08544681432609
-77.6797692,43.0848104,-77.70238271570612,43.06220466891631
-77.6797692,43.0848104,-77.67400047509776,43.07919818660545
-77.6797642,43.0848131,-77.66327600423442,43.08976372066128
-77.6797642,43.0848131,-77.70285706662706,43.09436496053023
-77.6797578,43.0848168,-77.67157141136971,43.07931261634261
-77.6797578,43.0848168,-77.69607780442553,43.087239054101545
-77.6797503,43.0848198,-77.6711618361482,43.076540172026874
-77.6797503,43.0848198,-77.6933740772494,43.0713671352268
-77.6797422,43.0848232,-77.67517703826464,43.08794186601833
-77.6797422,43.0848232,-77.68996778103673,43.10149025437303
-77.6797247,43.0848306,-77.67781516855283,43.08210162543951
-77.6797247,43.0848306,-77.69110313881086,43.08264005627223
-77.6797133,43.0848342,-77.69714737773103,43.079116351148905
-77.6797133,43.0848342,-77.66377640789108,43.07819927219364
-77.6797053,43.0848388,-77.65209190157903,43.0641187048998
-77.6797053,43.0848388,-77.6629521443461,43.0841445969866
-77.6796923,43.0848411,-77.65424297958604,43.0744476752604
-77.6796923,43.0848411,-77.68507625056279,43.08512853861363
-77.6796797,43.0848445,-77.71181009811086,43.06823435985253
-77.6796797,43.0848445,-77.68969019943376,43.066033674737085
-77.6796714,43.0848477,-77.68736135413117,43.09736460822321
-77.6796714,43.0848477,-77.68582138373559,43.08001336351135
-77.6796552,43.0848569,-77.74265490894469,43.0795117424799
-77.6796552,43.0848569,-77.67212454103532,43.08629955750674
-77.6796446,43.0848646,-77.66728165596624,43.072268760237506
-77.6796446,43.0848646,-77.7291663274242,43.086970936137746
-77.6796356,43.084871,-77.6839812579408,43.08727896563558
-77.6796356,43.084871,-77.69443974418874,43.102824858316055
-77.6796226,43.0848811,-77.71464625887509,43.08257193852217
-77.6796226,43.0848811,-77.6646771403704,43.08308426731542
-77.6796113,43.0848888,-77.67642693305619,43.07811182651525
-77.6796113,43.0848888,-77.68322953849375,43.079861937617714
-77.6796022,43.0848932,-77.6677745097423,43.103343841513734
-77.6796022,43.0848932,-77.66148383916119,43.08040810669561
-77.6795942,43.0848987,-77.6817155859388,43.07595895888054
-77.6795942,43.0848987,-77.68509192539204,43.097022577423616
-77.6795583,43.0848969,-77.68468807464309,43.08393376852648
-77.6795583,43.0848969,-77.7151154706047,43.06530268356578
-77.679525,43.0848902,-77.6815461862621,43.08445586816898
-77.679525,43.0848902,-77.68603164420875,43.0576779862722
-77.6795096,43.0848912,-77.63259692697365,43.09109030732131
-77.6795096,43.0848912,-77.64549495585797,43.080817205590975
-77.6795019,43.0848863,-77.68709938746176,43.084382340981435
-77.6795019,43.0848863,-77.67556407883981,43.079696661210626
-77.6795019,43.0848895,-77.68045425320005,43.085767144444404
-77.6795019,43.0848895,-77.67600587953098,43.084858932114436
-77.6794973,43.0848933,-77.68668813937308,43.07403802560389
-77.6794973,43.0848933,-77.6812955381164,43.08624908252192
-77.6794854,43.0849016,-77.67727163732887,43.079110804057066
-77.6794854,43.0849016,-77.70918426701229,43.104468166001
-77.6794721,43.0849088,-77.68705483249643,43.073815294394535
-77.6794721,43.0849088,-77.67523581916406,43.094854452550635
-77.679465,43.0849109,-77.71886702021894,43.10625019762834
-77.679465,43.0849109,-77.70547085286397,43.07554266521107
-77.679446,43.0849093,-77.6847610532726,43.05864889150432
-77.679446,43.0849093,-77.68306587013538,43.110701885159656
-77.6794271,43.0849088,-77.71524068197387,43.087911872786314
-77.6794271,43.0849088,-77.69293212810635,43.046291851964405
-77.6793976,43.0849045,-77.65934441054183,43.08942786353402
-77.6793976,43.0849045,-77.6755038665257,43.09943967067872
-77.6793682,43.0848993,-77.69744825237281,43.063228350096644
-77.6793682,43.0848993,-77.67557325703844,43.06813095150115
-77.6793435,43.0848933,-77.69088987691218,43.09136597483819
-77.6793435,43.0848933,-77.6842684215734,43.07840419198773
-77.6793223,43.0848909,-77.6820769768379,43.051876472231676
-77.6793223,43.0848909,-77.66499436151646,43.09081970359339
-77.6793051,43.0848911,-77.66623254224506,43.09160517696619
-77.6793051,43.0848911,-77.67821808871312,43.10693002666515
-77.6792883,43.0848935,-77.67933031524345,43.09797549293181
-77.6792883,43.0848935,-77.66742558746337,43.09322361471291
-77.6792709,43.0848956,-77.67343155291825,43.082906451834724
-77.6792709,43.0848956,-77.6648366318325,43.07942174859912
-77.6792475,43.0848926,-77.69691807954128,43.08222310465414
-77.6792475,43.0848926,-77.67664104471321,43.08154994146451
-77.6792249,43.0848885,-77.72206519050143,43.09954379836588
-77.6792249,43.0848885,-77.67300438358042,43.09057515263966
-77.6792092,43.084883,-77.70197911346364,43.0965469184905
-77.6792092,43.084883,-77.68633742897816,43.075389974902784
-77.6791992,43.0848827,-77.67783470202565,43.089253245791895
-77.6791992,43.0848827,-77.65285089938168,43.087655999645285
-77.6791827,43.0848789,-77.67937970993951,43.09916145334921
-77.6791827,43.0848789,-77.6577248806067,43.09874980660982
-77.6791695,43.0848762,-77.68306893467252,43.090059141697914
-77.6791695,43.0848762,-77.68632501209854,43.08540284807191
-77.6791561,43.0848753,-77.70196735388474,43.08473067542492
-77.6791561,43.0848753,-77.67506746796761,43.08782100439402
-77.6791368,43.0848729,-77.67996371819687,43.10338014235948
-77.6791368,43.0848729,-77.70337438639237,43.09857718572803
-77.6791204,43.0848731,-77.67274213137205,43.09875369286604
-77.6791204,43.0848731,-77.66040143022525,43.08728401863693
-77.6791051,43.0848752,-77.70485239888929,43.11712013424376
-77.6791051,43.0848752,-77.66566891961055,43.09040519562606
-77.679089,43.0848774,-77.6962401954668,43.03712060965327
-77.679089,43.0848774,-77.66626884183124,43.06397963844283
-77.6790759,43.0848836,-77.67672109781756,43.082681098693875
-77.6790759,43.0848836,-77.65885659531456,43.06615184477423
-77.6790626,43.0848931,-77.67732548722535,43.07993439665054
-77.6790626,43.0848931,-77.69911159505003,43.0902287070745
-77.6790561,43.0849035,-77.6726816539601,43.066197069512235
-77.6790561,43.0849035,-77.68242763856756,43.06504041624459
-77.6790487,43.0849151,-77.69691958604082,43.09220388779413
-77.6790487,43.0849151,-77.67681409442103,43.07603120278324
-77.6790459,43.084922,-77.67909154290008,43.0803998576316
-77.6790459,43.084922,-77.67509001199605,43.095826246476136
-77.6790298,43.0849176,-77.65653910231585,43.08863102616419
-77.6790298,43.0849176,-77.669999032115,43.07577885511086
-77.679013,43.0849108,-77.67961449296767,43.107040984767515
-77.679013,43.0849108,-77.68354446670358,43.104238358107885
-77.6790045,43.0849103,-77.66107631788309,43.11467366271976
-77.6790045,43.0849103,-77.70783202515578,43.08234822607895
-77.6789953,43.0849124,-77.6856928492125,43.07386260347711
-77.6789953,43.0849124,-77.68186394748636,43.08393700393054
-77.6789816,43.0849085,-77.67977692670486,43.08746149430682
-77.6789816,43.0849085,-77.69654242577563,43.089620011945215
-77.6789704,43.0849078,-77.6802573273259,43.08067236366836
-77.6789704,43.0849078,-77.68523721361646,43.08682723748041
-77.6789538,43.0849114,-77.68311992581921,43.11723181038114
-77.6789538,43.0849114,-77.67308520902998,43.09531433990317
-77.6789448,43.0849152,-77.68964488547151,43.08398027627217
-77.6789448,43.0849152,-77.66677817037359,43.08933503653251
-77.678936,43.0849193,-77.68216718545307,43.090669534341515
-77.678936,43.0849193,-77.67032536577831,43.07876954585159
-77.6789288,43.0849221,-77.6890655597718,43.07270980663351
-77.6789288,43.0849221,-77.68348388266254,43.082239555012634
-77.6789183,43.0849235,-77.6976394155104,43.0747862331976
-77.6789183,43.0849235,-77.6773443547947,43.08580441180201
-77.6788934,43.0849272,-77.67293746540433,43.07650042237578
-77.6788934,43.0849272,-77.658703185982,43.081891760186046
-77.6788788,43.0849288,-77.68152329417,43.08920735829063
-77.6788788,43.0849288,-77.68286612647381,43.0862586869861
-77.6788607,43.084933,-77.6976159877029,43.08446008031324
-77.6788607,43.084933,-77.65641852268263,43.0886250354153
-77.6788469,43.0849381,-77.69252404764617,43.09334720884993
-77.6788469,43.0849381,-77.67765451670374,43.08463966534905
-77.6788338,43.0849446,-77.66039904652465,43.018864125726175
-77.6788338,43.0849446,-77.67565873843456,43.079630460858056
-77.6788215,43.0849504,-77.68401460477453,43.054386607637255
-77.6788215,43.0849504,-77.6971664149433,43.07136448537989
-77.6788109,43.0849544,-77.67222235218847,43.07667210007799
-77.6788109,43.0849544,-77.68374719943431,43.10163412984422
-77.6787983,43.0849803,-77.67169964036724,43.07158982541591
-77.6787983,43.0849803,-77.68619629166469,43.08802746432052
-77.6787879,43.0850112,-77.70684725021829,43.08348064722964
-77.6787879,43.0850112,-77.7032202630575,43.081282385856014
-77.6787782,43.0850225,-77.67775085458571,43.0955640996878
-77.6787782,43.0850225,-77.64587066589526,43.09974190150594
-77.6787673,43.0850291,-77.65601327296748,43.09714934624585
-77.6787673,43.0850291,-77.68042638907824,43.080824810531226
-77.678755,43.0850407,-77.68382681499777,43.09351410657098
-77.678755,43.0850407,-77.67518769733307,43.073404880719615
-77.6787475,43.0850474,-77.68738046957112,43.086871496885855
-77.6787475,43.0850474,-77.6769822660948,43.10978024732095
-77.6787387,43.0850511,-77.68168800372422,43.09096599850357
-77.6787387,43.0850511,-77.66444140883989,43.10983276472232
-77.6787325,43.0850542,-77.68829691342884,43.08504480522002
-77.6787325,43.0850542,-77.68017090076565,43.078328482730335
-77.6787256,43.0850582,-77.64909460099028,43.068381259966415
-77.6787256,43.0850582,-77.66395876980235,43.070022976568794
-77.6787121,43.0850661,-77.68906279249828,43.06788021591993
-77.6787121,43.0850661,-77.67713969133382,43.08728766351317
-77.6787001,43.0850737,-77.68832457520311,43.07277059439297
-77.6787001,43.0850737,-77.67729869144787,43.08127680059349
-77.6786925,43.085085,-77.66550292343979,43.065725509946
-77.6786925,43.085085,-77.67513615533662,43.079809047474846
-77.6786911,43.0850978,-77.64929420591562,43.0851411046689
-77.6786911,43.0850978,-77.67432302634938,43.07878604936159
-77.6786913,43.0851107,-77.69178246747377,43.09025698722976
-77.6786913,43.0851107,-77.66171766443966,43.09125881142803
-77.6786911,43.0851164,-77.6743750971599,43.07276691144404
-77.6786911,43.0851164,-77.68014635398005,43.09007806480926
-77.6786905,43.0851233,-77.67244639025895,43.0805908463495
-77.6786905,43.0851233,-77.67735124026854,43.08589131255769
-77.6786934,43.0851344,-77.6756426241714,43.089923077008834
-77.6786934,43.0851344,-77.67739776284213,43.06586582635179
-77.6786967,43.08514,-77.68176701047652,43.1234412518064
-77.6786967,43.08514,-77.6886670196388,43.07229789187996
-77.6786997,43.0851462,-77.66754501200475,43.080176023158145
-77.6786997,43.0851462,-77.67022934483822,43.0805126713445
-77.6787082,43.0851524,-77.68199650304743,43.08205472887226
-77.6787082,43.0851524,-77.67907854552612,43.073766145892726
-77.6787167,43.085165,-77.67945850110061,43.077352033325
-77.6787167,43.085165,-77.6707027564394,43.113173469166306
-77.6787216,43.0851731,-77.66643667648928,43.141420319463414
-77.6787216,43.0851731,-77.67855843782982,43.085345292672585
-77.6787235,43.0851798,-77.71743818554847,43.06664798815115
-77.6787235,43.0851798,-77.67902107486113,43.088487726520455
-77.6787224,43.085186,-77.67426692615378,43.08189533513924
-77.6787224,43.085186,-77.69104240442171,43.12506702518132
-77.6787197,43.0851934,-77.6514123108665,43.078714514252944
-77.6787197,43.0851934,-77.67759061806416,43.08270094945636
-77.6787098,43.0852031,-77.67906302595846,43.086383199371
-77.6787098,43.0852031,-77.66966903518849,43.093512754802084
-77.6787021,43.0852082,-77.6570403491301,43.091038635047944
-77.6787021,43.0852082,-77.69160376474566,43.08088504625848
-77.6786809,43.0852074,-77.69674099281866,43.09397786286738
-77.6786809,43.0852074,-77.67852583094461,43.09118764331733
-77.6786575,43.0852137,-77.6589888114489,43.06601639157069
-77.6786575,43.0852137,-77.68054682914224,43.07288037096907
-77.6786463,43.0852178,-77.68463657737252,43.04936133302782
-77.6786463,43.0852178,-77.67652950480438,43.06940700081273
-77.6786341,43.0852273,-77.68107087741173,43.07926972582682
-77.6786341,43.0852273,-77.6749738912256,43.07594352381337
-77.678627,43.0852372,-77.68222921134952,43.070696749874756
-77.678627,43.0852372,-77.66915558910915,43.092424105790045
-77.6786239,43.0852524,-77.67324214706795,43.096970720098234
-77.6786239,43.0852524,-77.6753489773704,43.078376489381355
-77.6786226,43.0852658,-77.64186159482551,43.08542942616596
-77.6786226,43.0852658,-77.7016992982697,43.08669334110756
-77.6786229,43.0852722,-77.68470158378003,43.08852199962098
-77.6786229,43.0852722,-77.66171303272313,43.109348401574906
-77.6786218,43.0852791,-77.6573562073283,43.08825188438983
-77.6786218,43.0852791,-77.65325274112257,43.12201508438918
-77.6786216,43.0852873,-77.67354679262463,43.08514606209732
-77.6786216,43.0852873,-77.634588152751,43.098190021226436
-77.6786237,43.0853015,-77.65915726826952,43.08797114598323
-77.6786237,43.0853015,-77.67352884009821,43.07654187096146
-77.6786277,43.0853101,-77.6387862656931,43.06112803981244
-77.6786277,43.0853101,-77.67906033910786,43.08567039389847
-77.678632,43.0853181,-77.68449464281456,43.07549541841979
-77.678632,43.0853181,-77.68374373560007,43.076222818906366
-77.6786358,43.0853264,-77.67152949425692,43.09515636850343
-77.6786358,43.0853264,-77.68126423286816,43.07411631602469
-77.678641,43.0853344,-77.68089318262486,43.07954897425507
-77.678641,43.0853344,-77.69651474395474,43.071914875842054
-77.6786574,43.0853496,-77.69972492207616,43.09105089579325
-77.6786574,43.0853496,-77.67292558509865,43.035787788236874
-77.6786737,43.0853607,-77.65933562040571,43.09401041287665
-77.6786737,43.0853607,-77.70139432369072,43.07256574248191
-77.6786862,43.0853782,-77.67705464209848,43.100071156776195
-77.6786862,43.0853782,-77.68439516255275,43.05626569162422
-77.6786979,43.0853906,-77.65434391364796,43.11009132251189
-77.6786979,43.0853906,-77.65300894959226,43.08322357512593
-77.6787015,43.0853964,-77.70041117327396,43.090325577051814
-77.6787015,43.0853964,-77.63983539281988,43.134669448369934
-77.6787079,43.0854043,-77.6957561317693,43.092292382554746
-77.6787079,43.0854043,-77.67840695646247,43.08992745877106
-77.6787165,43.0854122,-77.70123190011645,43.06723826381633
-77.6787165,43.0854122,-77.7486089902992,43.12070150981149
-77.6787228,43.0854157,-77.67570583136751,43.09653925154948
-77.6787228,43.0854157,-77.67720751512483,43.087908294352204
-77.6787277,43.085423,-77.67186996473491,43.08701407811483
-77.6787277,43.085423,-77.69961127605639,43.093462066143616
-77.6787323,43.0854275,-77.66934857417313,43.05304049506973
-77.6787323,43.0854275,-77.6725958614537,43.104916812298356
-77.6787407,43.0854365,-77.6769097011266,43.08216936221195
-77.6787407,43.0854365,-77.68490677414111,43.09967163666355
-77.6787552,43.0854421,-77.67344747643914,43.104412868038864
-77.6787552,43.0854421,-77.67955627649711,43.07670562005688
-77.6787648,43.0854437,-77.65684359177926,43.096477210496644
-77.6787648,43.0854437,-77.66487816354184,43.0983880215667
-77.678773,43.0854465,-77.66381294715389,43.10228046869036
-77.678773,43.0854465,-77.67427098104862,43.103086882322145
-77.6787824,43.0854535,-77.68243083276505,43.10829076303359
-77.6787824,43.0854535,-77.67142730111313,43.090887282461985
-77.678791,43.0854577,-77.68612929802862,43.085493264425935
-77.678791,43.0854577,-77.6921252965796,43.08443074106812
-77.6787988,43.0854646,-77.66555615604814,43.082937365522824
-77.6787988,43.0854646,-77.67742805477856,43.090215604798246
-77.6788065,43.0854685,-77.67944356122679,43.042809670529515
-77.6788065,43.0854685,-77.70017945017477,43.07493267157485
-77.6788139,43.0854718,-77.67342747340743,43.08595561028557
-77.6788139,43.0854718,-77.6932168000048,43.09800114621384
-77.6788214,43.085475,-77.6638231831987,43.09792934874103
-77.6788214,43.085475,-77.65905401751345,43.07063766878431
-77.678827,43.0854768,-77.66099560976343,43.10506955326923
-77.678827,43.0854768,-77.6839877013769,43.09302687477031
-77.6788358,43.0854901,-77.6632943011024,43.069287384206035
-77.6788358,43.0854901,-77.66732519072654,43.09830808193814
-77.6788399,43.0854931,-77.67222495525664,43.12531579338732
-77.6788399,43.0854931,-77.68609836177613,43.08552627180641
-77.6788483,43.0854977,-77.6857428371073,43.09560784068445
-77.6788483,43.0854977,-77.68159981699604,43.092843247859086
-77.6788671,43.0855045,-77.65574090999837,43.082938060695575
-77.6788671,43.0855045,-77.68416667678444,43.094009818379895
-77.6788582,43.0855006,-77.70175820875639,43.0786464790731
-77.6788582,43.0855006,-77.68367526831351,43.107134746378655
-77.6788817,43.0855036,-77.678792493272,43.08369738746892
-77.6788817,43.0855036,-77.71524300388026,43.08567802025961
-77.6788924,43.0855033,-77.69529503589862,43.08775116133576
-77.6788924,43.0855033,-77.66853917286782,43.09345404573502
-77.678904,43.0854995,-77.69428688672359,43.07999015557821
-77.678904,43.0854995,-77.69701650880087,43.08532807238847
-77.6789099,43.0854961,-77.66960215117238,43.08083518824504
-77.6789099,43.0854961,-77.66654644893458,43.09311044577256
-77.6789203,43.0854974,-77.66940622867214,43.091053597631706
-77.6789203,43.0854974,-77.67266767274782,43.068128483983386
-77.6789272,43.0854968,-77.67856694232958,43.06476972184596
-77.6789272,43.0854968,-77.67774472955419,43.10991537923132
-77.6789323,43.0854978,-77.68755436286744,43.08767389421803
-77.6789323,43.0854978,-77.67485073334174,43.06992091930731
-77.6789384,43.0854984,-77.67408752214864,43.082412255423726
-77.6789384,43.0854984,-77.67190683266467,43.077713939003516
-77.6789442,43.0854993,-77.67874432949219,43.08817495266625
-77.6789442,43.0854993,-77.6919543487996,43.13484495633103
-77.6789492,43.0855002,-77.65707848818197,43.05690804325628
-77.6789492,43.0855002,-77.66058509427738,43.0990169015696
-77.6789562,43.0855024,-77.65382766769285,43.090568289304244
-77.6789562,43.0855024,-77.6843355150192,43.10461967406385
-77.6789645,43.0855049,-77.67588091590244,43.08691987307409
-77.6789645,43.0855049,-77.66474982003689,43.074753606455324
-77.6789721,43.0855066,-77.67879599747323,43.09078175730191
-77.6789721,43.0855066,-77.65505857908164,43.07442986490847
-77.6789813,43.0855107,-77.68855618396056,43.08531756428472
-77.6789813,43.0855107,-77.69050329345596,43.07551902721643
-77.6789896,43.0855151,-77.72061813165614,43.10011528517806
-77.6789896,43.0855151,-77.68204016366609,43.091651378770145
-77.6790053,43.0855252,-77.68636861752958,43.0893994604631
-77.6790053,43.0855252,-77.67295181913344,43.08103772437544
-77.6790146,43.0855376,-77.66837232573342,43.082500474954806
-77.6790146,43.0855376,-77.6602200580441,43.073908955172975
-77.6790227,43.0855444,-77.68440964876564,43.09249477059308
-77.6790227,43.0855444,-77.67796059177303,43.08647533357161
-77.6790311,43.0855539,-77.68101030381425,43.07494826979303
-77.6790311,43.0855539,-77.67926215602296,43.07601954945393
-77.6790385,43.0855598,-77.66955986891196,43.050522293682285
-77.6790385,43.0855598,-77.68807063710278,43.09191445214146
-77.679039,43.0855652,-77.70654255519261,43.09934581069096
-77.679039,43.0855652,-77.65737497745059,43.08056897091632
-77.6790455,43.0855704,-77.67155513539333,43.076838362126495
-77.6790455,43.0855704,-77.7055598261697,43.099602801950816
-77.6790541,43.0855759,-77.69050393504003,43.08615451773918
-77.6790541,43.0855759,-77.69825062329205,43.06520083576925
-77.6790602,43.0855811,-77.6778101253042,43.087789913611566
-77.6790602,43.0855811,-77.67209943019581,43.09054434149394
-77.6790715,43.0855881,-77.6804175486336,43.11176151692636
-77.6790715,43.0855881,-77.70549468147236,43.12450599685458
-77.6790935,43.0856016,-77.64037277185096,43.08094174374199
-77.6790935,43.0856016,-77.69012679881118,43.068246140458506
-77.6791128,43.0856159,-77.68347416233043,43.07906524932629
-77.6791128,43.0856159,-77.68113637451589,43.08546065344039
-77.6791168,43.085628,-77.67940718713241,43.064050865972916
-77.6791168,43.085628,-77.6851344343098,43.079797276389975
-77.679124,43.0856333,-77.69608117441565,43.09948702138622
-77.679124,43.0856333,-77.64247841576164,43.07643965943398
-77.6791296,43.085647,-77.66634169306884,43.09407091587156
-77.6791296,43.085647,-77.68140649501339,43.08823663797216
-77.6791364,43.0856623,-77.67460144314742,43.083664303463685
-77.6791364,43.0856623,-77.69537011465805,43.08264961135301
-77.6791391,43.0856729,-77.68026600352812,43.071695009719434
-77.6791391,43.0856729,-77.66629305469502,43.0940222250569
-77.679147,43.0856826,-77.68677436331491,43.081037212473255
-77.679147,43.0856826,-77.68205517788753,43.08100440689196
-77.6791523,43.0856995,-77.6698826705208,43.09882722241788
-77.6791523,43.0856995,-77.66800197809276,43.09560586225531
-77.6791538,43.0857092,-77.65909928629381,43.09953054405016
-77.6791538,43.0857092,-77.68015380430175,43.05027153878106
-77.6791638,43.0857143,-77.6764937542979,43.069846339968386
-77.6791638,43.0857143,-77.67984806272824,43.07069026303158
-77.6791691,43.0857263,-77.67904538819333,43.08834964168124
-77.6791691,43.0857263,-77.64834620259549,43.0460390511961
-77.6791746,43.0857298,-77.69729961488395,43.07384189650428
-77.6791746,43.0857298,-77.65950671081471,43.08982217750773
-77.6791801,43.0857353,-77.68109371193775,43.0890731965397
-77.6791801,43.0857353,-77.67291688636682,43.11980284378154
-77.6791897,43.0857109,-77.671819783207,43.09524493113009
-77.6791897,43.0857109,-77.6794638686891,43.07838684572559
-77.6791972,43.085711,-77.68280522428806,43.088211711438305
-77.6791972,43.085711,-77.68364809280438,43.08610234236834
-77.6792008,43.0857095,-77.7082409717564,43.07000563621975
-77.6792008,43.0857095,-77.67345962097976,43.106660283772044
-77.6792065,43.0857134,-77.70102305165638,43.075325199361956
-77.6792065,43.0857134,-77.68099466745961,43.07908385559858
-77.6792058,43.0857175,-77.62895043544661,43.103571477175386
-77.6792058,43.0857175,-77.68697866862327,43.074188863985846
-77.6792054,43.0857223,-77.66408354937096,43.06512382442266
-77.6792054,43.0857223,-77.6711290703995,43.06798625205095
-77.6792047,43.085731,-77.70086421781659,43.09351161303099
-77.6792047,43.085731,-77.6611014274847,43.11376855559576
-77.6791979,43.0857374,-77.65572987935053,43.07624735475414
-77.6791979,43.0857374,-77.66182557741993,43.087420679848975
-77.6791922,43.0857449,-77.69058028891696,43.06946052248815
-77.6791922,43.0857449,-77.68108381345074,43.081590811480275
-77.6791801,43.0857499,-77.69351166022868,43.10421063069935
-77.6791801,43.0857499,-77.68660560408688,43.09820412986338
-77.6791716,43.0857555,-77.67036556745177,43.09911266558613
-77.6791716,43.0857555,-77.6631397674044,43.08847576982578
-77.6791603,43.0857596,-77.648315112039,43.13538180924789
-77.6791603,43.0857596,-77.67626866328825,43.09137204515325
-77.6791521,43.0857652,-77.68237390593653,43.08097435881462
-77.6791521,43.0857652,-77.68713176483975,43.09093421859554
-77.6791418,43.0857689,-77.66522195258136,43.078066218856435
-77.6791418,43.0857689,-77.64693622793908,43.08199027076063
-77.6791335,43.0857742,-77.67767279004725,43.06951341815652
-77.6791335,43.0857742,-77.66011565927357,43.07828761078822
-77.6791254,43.0857753,-77.65500523564204,43.075631422280175
-77.6791254,43.0857753,-77.6767020508099,43.06569061622668
-77.6791181,43.0857756,-77.67266437748842,43.10181919093636
-77.6791181,43.0857756,-77.69285544049956,43.07835243892172
-77.6791096,43.0857783,-77.70602274483417,43.080102582087946
-77.6791096,43.0857783,-77.6835500872387,43.0775928409456
-77.6791014,43.0857802,-77.6603902559696,43.09156392740847
-77.6791014,43.0857802,-77.70030893340333,43.06189062872374
-77.6790952,43.0857838,-77.6590587105956,43.09107190777681
-77.6790952,43.0857838,-77.69906110416218,43.08322148511071
-77.679089,43.0857864,-77.68762902637766,43.09268729076504
-77.679089,43.0857864,-77.67758453079027,43.05883651179793
-77.6790836,43.0857904,-77.68630227824941,43.12691763539874
-77.6790836,43.0857904,-77.68182513545561,43.064262251697144
-77.679077,43.0857932,-77.68461379690179,43.07844311536003
-77.679077,43.0857932,-77.59282370086697,43.10689836809757
-77.6790709,43.0857976,-77.68661143115467,43.07422551641233
-77.6790709,43.0857976,-77.68877794206007,43.09981476696571
-77.6790652,43.0858026,-77.67722663386492,43.100638494542174
-77.6790652,43.0858026,-77.66963880394688,43.08849094455921
-77.6790602,43.0858075,-77.66335427753029,43.074738340629125
-77.6790602,43.0858075,-77.69940219105813,43.07730832745307
-77.6790562,43.0858136,-77.66905251341419,43.09849836984889
-77.6790562,43.0858136,-77.6864112537113,43.08338011982051
-77.6790525,43.0858191,-77.66800270073536,43.08434801404373
-77.6790525,43.0858191,-77.65666347072641,43.10427241129997
-77.6790484,43.0858258,-77.68391170356227,43.07880103135283
-77.6790484,43.0858258,-77.67160248078531,43.08436561291427
-77.6790462,43.0858322,-77.66249072338358,43.09187752600147
-77.6790462,43.0858322,-77.66757781192483,43.04325850781997
-77.6790436,43.0858397,-77.66700097264774,43.09341682687132
-77.6790436,43.0858397,-77.63777803841286,43.09623348186355
-77.6790426,43.0858484,-77.66121456141119,43.10482136889814
-77.6790426,43.0858484,-77.67991458932241,43.08275178882389
-77.6790384,43.0858553,-77.66629616743136,43.07758059429951
-77.6790384,43.0858553,-77.6861502010874,43.078221081017944
-77.6790377,43.0858623,-77.67621851344089,43.07091754209546
-77.6790377,43.0858623,-77.65023909774737,43.08708112452636
-77.6790364,43.085871,-77.66782277495619,43.084222192681466
-77.6790364,43.085871,-77.67671239178898,43.08682825725972
-77.6790365,43.0858793,-77.68623718166222,43.087892180221
-77.6790365,43.0858793,-77.67958460070045,43.059897438171774
-77.6790357,43.0858873,-77.69794171730895,43.07772205677834
-77.6790357,43.0858873,-77.69579448873088,43.073445729708176
-77.6790351,43.0858949,-77.69368006100201,43.081186697187476
-77.6790351,43.0858949,-77.6855612439957,43.0718405402052
-77.6790337,43.0859023,-77.6796504595715,43.07664388076572
-77.6790337,43.0859023,-77.69799698843055,43.083964083201465
-77.6790334,43.085909,-77.67363838284643,43.068037242082696
-77.6790334,43.085909,-77.69467102876524,43.08561694160758
-77.679031,43.0859166,-77.6890187523962,43.07534891585379
-77.679031,43.0859166,-77.69162636380626,43.10091850950671
-77.6790296,43.0859232,-77.66984593748653,43.06388509648944
-77.6790296,43.0859232,-77.68356829049063,43.098302908489835
-77.6790267,43.0859295,-77.66697532314483,43.06794649503692
-77.6790267,43.0859295,-77.70239352697786,43.07700534490726
-77.6790246,43.0859366,-77.67430436638243,43.082969871359765
-77.6790246,43.0859366,-77.68133748087575,43.079079036297955
-77.6790227,43.085942,-77.69905548651886,43.08382708977465
-77.6790227,43.085942,-77.68362024240254,43.10275712008384
-77.6790222,43.0859477,-77.6767131410054,43.08202310672195
-77.6790222,43.0859477,-77.66979131551962,43.092748334935294
-77.6790207,43.0859523,-77.69882410283567,43.070403618842455
-77.6790207,43.0859523,-77.6961418085894,43.068174296679935
-77.6790211,43.0859574,-77.66953179760074,43.08834104635432
-77.6790211,43.0859574,-77.70736561148148,43.05217822803351
-77.6790201,43.085962,-77.64583581289037,43.09507661734207
-77.6790201,43.085962,-77.66116704062784,43.08867174427671
-77.6790187,43.0859662,-77.68267214399839,43.0896030046541
-77.6790187,43.0859662,-77.67583212441205,43.0813572761756
-77.6790173,43.0859705,-77.675900734422,43.05177736105816
-77.6790173,43.0859705,-77.6626454293468,43.1012380713862
-77.6790147,43.0859753,-77.69033669326919,43.08885863223889
-77.6790147,43.0859753,-77.68560097653216,43.073849545055154
-77.6790139,43.0859815,-77.68131295146395,43.10229151291201
-77.6790139,43.0859815,-77.69653865427208,43.08885457557926
-77.6790111,43.0859868,-77.69205268960961,43.093284527152875
-77.6790111,43.0859868,-77.64512844955387,43.14013720629769
-77.67901,43.0859937,-77.66478479780625,43.0903620542196
-77.67901,43.0859937,-77.65936832228736,43.07431525015813
-77.6790048,43.0859989,-77.63847943229865,43.084819848387816
-77.6790048,43.0859989,-77.68325965367421,43.07470490311189
-77.6790028,43.086006,-77.66607161785525,43.0715972096203
-77.6790028,43.086006,-77.69431147728407,43.07359962299473
-77.6790008,43.0860127,-77.68581254122515,43.07444822989094
-77.6790008,43.0860127,-77.6898097551651,43.07231719502308
-77.6789998,43.0860204,-77.67791234904973,43.08091349617346
-77.6789998,43.0860204,-77.67919510755291,43.09239549467237
-77.6790004,43.0860274,-77.65863070404424,43.10888278488816
-77.6790004,43.0860274,-77.71216008450001,43.0866497365146
-77.6790006,43.0860354,-77.68013487439907,43.08506678919537
-77.6790006,43.0860354,-77.69458744109862,43.09608021216001
-77.6790029,43.0860433,-77.65360187841199,43.06210869290434
-77.6790029,43.0860433,-77.66556440572681,43.09176924316001
-77.6790056,43.0860501,-77.6596856428118,43.08121773594862
-77.6790056,43.0860501,-77.6778444196574,43.10677447086353
-77.6790076,43.0860579,-77.68010451470417,43.07672979243627
-77.6790076,43.0860579,-77.6754965609831,43.07960435788043
-77.67901,43.086065,-77.683774840161,43.06742074316608
-77.67901,43.086065,-77.67714204571506,43.08867208489717
-77.6790123,43.0860728,-77.6706974624416,43.07485748356507
-77.6790123,43.0860728,-77.68666918205771,43.09632774764623
-77.6790141,43.086084,-77.65138184306045,43.09393156077171
-77.6790141,43.086084,-77.66880377978072,43.075620324881626
-77.6790159,43.0860923,-77.66823421004221,43.07236634145378
-77.6790159,43.0860923,-77.67388711377575,43.096453239714144
-77.6790175,43.0861003,-77.65256871130737,43.05480455330956
-77.6790175,43.0861003,-77.68209422079664,43.08648342943149
-77.679018,43.0861075,-77.69077276113674,43.10319309277381
-77.679018,43.0861075,-77.67476203076606,43.09161757849564
-77.6790183,43.0861156,-77.66772808614282,43.06525541714847
-77.6790183,43.0861156,-77.67097068086888,43.089070055033254
-77.6790181,43.0861231,-77.67781979624053,43.09528226812751
-77.6790181,43.0861231,-77.68136792005929,43.09366165009653
-77.6790161,43.0861301,-77.69491565727712,43.08792485819908
-77.6790161,43.0861301,-77.67378565364528,43.07793130673774
-77.6790136,43.0861371,-77.64448348388794,43.089085023378175
-77.6790136,43.0861371,-77.68949826943424,43.093153163475655
-77.6790083,43.0861438,-77.68385271645975,43.120189990227146
-77.6790083,43.0861438,-77.67035313072661,43.08686274284225
-77.6790034,43.0861505,-77.65888526160025,43.0959776225093
-77.6790034,43.0861505,-77.67486668627343,43.04112542872838
-77.6789969,43.0861553,-77.67929177256836,43.089413294345164
-77.6789969,43.0861553,-77.68098305060884,43.10041056164734
-77.6789894,43.0861604,-77.66037603373945,43.0725052614164
-77.6789894,43.0861604,-77.66929857548713,43.05862569982045
-77.6789797,43.0861635,-77.69452961147844,43.09290696401139
-77.6789797,43.0861635,-77.67845166421894,43.086973798766785
-77.6789715,43.0861647,-77.67905095529437,43.09222824230702
-77.6789715,43.0861647,-77.68966650206569,43.09938858124277
-77.6789614,43.0861665,-77.66519926500412,43.12104331141847
-77.6789614,43.0861665,-77.67168556309922,43.06566152171127
-77.6789434,43.0861666,-77.68150121521973,43.06767295038504
-77.6789434,43.0861666,-77.68925541247641,43.084812102366314
-77.6789248,43.0861646,-77.67228936759257,43.078704293945314
-77.6789248,43.0861646,-77.66882564315655,43.080920074434786
-77.6789117,43.0861618,-77.69487957842573,43.07210715949879
-77.6789117,43.0861618,-77.6680749575897,43.081799334984986
-77.6789034,43.08616,-77.69326570497817,43.08021900921775
-77.6789034,43.08616,-77.68009618067862,43.086437342317325
-77.6788959,43.0861597,-77.69645553161743,43.101951625564105
-77.6788959,43.0861597,-77.7116457598204,43.10158176091721
-77.6788799,43.0861582,-77.68915810118993,43.09158994731537
-77.6788799,43.0861582,-77.70445926335596,43.09296791409006
-77.6788623,43.0861569,-77.67807298729502,43.08258108546737
-77.6788623,43.0861569,-77.68873350414701,43.071271904929546
-77.6788314,43.0861552,-77.65627467271582,43.0729946535757
-77.6788314,43.0861552,-77.66601260564823,43.090380708627656
-77.678808,43.0861564,-77.66545574828433,43.08436029664746
-77.678808,43.0861564,-77.69949559812021,43.12417778122633
-77.6787803,43.0861518,-77.67300599403681,43.089903097777565
-77.6787803,43.0861518,-77.66386509919009,43.100166486707984
-77.6787556,43.0861503,-77.66085998018643,43.06563584133147
-77.6787556,43.0861503,-77.6676937034914,43.06097340307114
-77.6787358,43.0861499,-77.68664379365575,43.08123027391121
-77.6787358,43.0861499,-77.68173499817533,43.10097277467438
-77.6787165,43.0861507,-77.68536821608824,43.08355607277127
-77.6787165,43.0861507,-77.69147446767111,43.08922880504272
-77.6786946,43.0861511,-77.66613331712887,43.098298369882606
-77.6786946,43.0861511,-77.67204424412313,43.08009557714096
-77.678679,43.086151,-77.66413861991425,43.08953164984146
-77.678679,43.086151,-77.68199639682491,43.07336503979325
-77.678668,43.0861524,-77.67225793404819,43.12442123215981
-77.678668,43.0861524,-77.67743627228377,43.08800185640895
-77.6786584,43.0861538,-77.65851925439891,43.075727204669555
-77.6786584,43.0861538,-77.67802545594112,43.084695724315885
-77.6786501,43.0861529,-77.6798613189784,43.08226909481058
-77.6786501,43.0861529,-77.66619032879163,43.04935747682418
-77.678637,43.0861516,-77.71162448616384,43.11803654184535
-77.678637,43.0861516,-77.70490356646296,43.07569913960735
-77.6786177,43.0861505,-77.68643417713578,43.08015668151163
-77.6786177,43.0861505,-77.69236490831335,43.0830935875616
-77.6786124,43.0861466,-77.67450411640523,43.08156156112417
-77.6786124,43.0861466,-77.66545967890688,43.07397247691168
-77.6786038,43.0861466,-77.68510776781775,43.06309332966418
-77.6786038,43.0861466,-77.63529864858471,43.12897266566166
-77.6785874,43.0861463,-77.6696645155255,43.095454868445195
-77.6785874,43.0861463,-77.70912526746488,43.06806974741983
-77.6785723,43.086146,-77.68347792122215,43.09123833756678
-77.6785723,43.086146,-77.69544018459942,43.05707040169554
-77.6785597,43.0861478,-77.6742778387733,43.08715922985514
-77.6785597,43.0861478,-77.67768287249544,43.07954070724755
-77.6785476,43.086148,-77.67892315750696,43.085642686845176
-77.6785476,43.086148,-77.66622523583213,43.08860591033645
-77.6785399,43.0861473,-77.71280900357077,43.03535494237289
-77.6785399,43.0861473,-77.69233389364045,43.07245212393397
-77.6785311,43.0861473,-77.70589936796966,43.05390166868716
-77.6785311,43.0861473,-77.67743233635744,43.09814322366089
-77.6785246,43.0861462,-77.68359858083961,43.07948979465914
-77.6785246,43.0861462,-77.68679386670031,43.10196813926628
-77.6785149,43.0861456,-77.6590165774082,43.10391455804918
-77.6785149,43.0861456,-77.68006052671446,43.09423640252536
-77.6784983,43.0861446,-77.68945405719741,43.085628288512765
-77.6784983,43.0861446,-77.69784181155407,43.04105705669578
-77.67848,43.0861442,-77.7284946433886,43.04197656373741
-77.67848,43.0861442,-77.66710427232583,43.09596863502134
-77.6784696,43.086144,-77.68598065445458,43.083942154568796
-77.6784696,43.086144,-77.69920770995408,43.05500504220339
-77.678461,43.0861439,-77.69507317410671,43.08277438106814
-77.678461,43.0861439,-77.69541583016013,43.10309603381804
-77.678442,43.0861438,-77.67321149582112,43.10840243873983
-77.678442,43.0861438,-77.68537566725227,43.093814337641916
-77.6784213,43.0861443,-77.67141794431008,43.09796221714158
-77.6784213,43.0861443,-77.71325258543699,43.096435263100844
-77.6783998,43.086146,-77.70084940033156,43.111923562682684
-77.6783998,43.086146,-77.67757098072879,43.07579615104354
-77.678389,43.0861481,-77.6816031671466,43.0921705300576
-77.678389,43.0861481,-77.6853374998051,43.09230385580887
-77.6783766,43.0861507,-77.67611931040719,43.076751500970246
-77.6783766,43.0861507,-77.67292188104496,43.084083724231654
-77.6783561,43.0861534,-77.67590388588792,43.10516800889794
-77.6783561,43.0861534,-77.68002265348491,43.06960493817633
-77.6783456,43.086155,-77.70208552295539,43.05024089802955
-77.6783456,43.086155,-77.6665273244991,43.108844309983915
-77.6783347,43.0861534,-77.67123004364925,43.09804603879028
-77.6783347,43.0861534,-77.66749997712951,43.08462005654984
-77.6783178,43.0861517,-77.68348389137829,43.06606997136968
-77.6783178,43.0861517,-77.69395636558512,43.07435028927911
-77.6783055,43.0861509,-77.668033936706,43.08289035459321
-77.6783055,43.0861509,-77.6861217894426,43.1166545453075
-77.6782932,43.0861507,-77.68377403730132,43.094575738062645
-77.6782932,43.0861507,-77.66883037133937,43.08066373377817
-77.678282,43.0861508,-77.67290531855602,43.087088742630414
-77.678282,43.0861508,-77.67251576442064,43.08235007542818
-77.6782662,43.086151,-77.6901576427185,43.08746820187447
-77.6782662,43.086151,-77.68229863416545,43.08588247716372
-77.6782599,43.0861503,-77.65808235314528,43.05569979349848
-77.6782599,43.0861503,-77.68890701004182,43.07774606881823
-77.6782501,43.0861497,-77.68892030434709,43.08532313024922
-77.6782501,43.0861497,-77.69930772528602,43.08678055657907
-77.6782426,43.0861498,-77.65516071465682,43.11069766605658
-77.6782426,43.0861498,-77.68185310144105,43.09667128968175
-77.6782335,43.0861496,-77.67168172253984,43.03274444869095
-77.6782335,43.0861496,-77.67535743770617,43.08848430549157
-77.678224,43.0861504,-77.63127628295152,43.09030296995894
-77.678224,43.0861504,-77.67352576526251,43.067660088002974
-77.6782155,43.0861509,-77.68363025264912,43.090032336984166
-77.6782155,43.0861509,-77.68126650260118,43.079965717015696
-77.678204,43.0861522,-77.66921860446783,43.077131018613244
-77.678204,43.0861522,-77.6869256059015,43.04345797493341
-77.6781862,43.0861549,-77.68056533081497,43.07928648499065
-77.6781862,43.0861549,-77.6868821854581,43.08826271577995
-77.6781696,43.0861577,-77.6787031048802,43.08541435518556
-77.6781696,43.0861577,-77.68062631464478,43.08164516068469
-77.6781577,43.0861598,-77.6733718296886,43.04787838384786
-77.6781577,43.0861598,-77.67159914054437,43.084567057941996
-77.6781484,43.086161,-77.67501176125346,43.10077955688464
-77.6781484,43.086161,-77.68610387345944,43.07247477173232
-77.6781394,43.0861619,-77.67135762420727,43.104400200484214
-77.6781394,43.0861619,-77.70626183384209,43.06290570432544
-77.6781285,43.086163,-77.67799143353761,43.07610924544349
-77.6781285,43.086163,-77.6752793663189,43.0850092020764
-77.6781094,43.0861638,-77.69191018178923,43.091211793478536
-77.6781094,43.0861638,-77.69933695263997,43.06651062607919
-77.6780856,43.0861637,-77.60926721430404,43.035762924915815
-77.6780856,43.0861637,-77.6783369513592,43.08927218710708
-77.6780612,43.0861528,-77.67988422487561,43.07086510007138
-77.6780612,43.0861528,-77.69822375607609,43.084996463175514
-77.6780337,43.0861441,-77.66213872594415,43.064849493679304
-77.6780337,43.0861441,-77.70633931676848,43.06533766944251
-77.6780206,43.0861422,-77.67994642822174,43.08435000039765
-77.6780206,43.0861422,-77.67709377364521,43.08098078723547
-77.6780251,43.0861507,-77.69205964436844,43.07298343385792
-77.6780251,43.0861507,-77.73258458621261,43.114249664030254
-77.6780183,43.086154,-77.66755375076505,43.0790622254781
-77.6780183,43.086154,-77.66110995941796,43.06095644588028
-77.6780135,43.0861539,-77.68121048997476,43.079087118856144
-77.6780135,43.0861539,-77.67975974833276,43.11560950967178
-77.6780041,43.0861537,-77.67983960997871,43.08043651058465
-77.6780041,43.0861537,-77.66068805695842,43.13390106653519
-77.6779984,43.086155,-77.65425412318686,43.08231358571684
-77.6779984,43.086155,-77.66309896540454,43.081663228472344
-77.6779915,43.0861553,-77.65924833135047,43.09420932061687
-77.6779915,43.0861553,-77.65926519719902,43.08700742078064
-77.6779827,43.086156,-77.67220817576533,43.096137808222934
-77.6779827,43.086156,-77.64942906157654,43.07407637775616
-77.6779733,43.0861561,-77.67451730157292,43.05550601328886
-77.6779733,43.0861561,-77.68137417153488,43.07557614298562
-77.6779652,43.0861559,-77.67742213100435,43.082262065330106
-77.6779652,43.0861559,-77.6651766829457,43.08717409799034
-77.6779508,43.0861533,-77.69079297759937,43.082964645842395
-77.6779508,43.0861533,-77.68572100403127,43.10773402355696
-77.6779383,43.0861521,-77.68515736451599,43.09297114570606
-77.6779383,43.0861521,-77.69329240062396,43.07956120273369
-77.677929,43.0861517,-77.69544895285239,43.100063858251744
-77.677929,43.0861517,-77.67087943035799,43.075471082849525
-77.6779168,43.0861514,-77.66450503673073,43.08961753193198
-77.6779168,43.0861514,-77.66065197889891,43.04669815954042
-77.6778976,43.0861522,-77.70195947891143,43.09959888112572
-77.6778976,43.0861522,-77.67816525450624,43.08524425735199
-77.6778853,43.0861527,-77.6784857355787,43.07938504503816
-77.6778853,43.0861527,-77.69229488796344,43.066109748449804
-77.6778764,43.0861528,-77.66245960886664,43.0968264871357
-77.6778764,43.0861528,-77.67261700910356,43.08990524685817
-77.6778568,43.0861526,-77.68580657807603,43.10520672466811
-77.6778568,43.0861526,-77.69749901176121,43.079111702059855
-77.6778416,43.0861371,-77.6655359651918,43.11563309548857
-77.6778416,43.0861371,-77.69035768348837,43.07264502747287
-77.6778319,43.086134,-77.6615830486134,43.08191591583945
-77.6778319,43.086134,-77.66577480083959,43.083593180007455
-77.6778164,43.0861423,-77.67588278015519,43.09095695239023
-77.6778164,43.0861423,-77.67219419502162,43.092123304627506
-77.6778094,43.0861497,-77.67389227838692,43.07849021290992
-77.6778094,43.0861497,-77.68499838644834,43.077893456154506
-77.6777972,43.0861576,-77.67500165999299,43.108773581520495
-77.6777972,43.0861576,-77.68039707694275,43.07049823124801
-77.6777813,43.0861607,-77.6703078094286,43.11653985675709
-77.6777813,43.0861607,-77.68619222166772,43.115199879146715
-77.6777618,43.0861587,-77.6829482507316,43.05632582971156
-77.6777618,43.0861587,-77.69461659866123,43.08572417214025
-77.6777501,43.0861705,-77.66490696332161,43.08823375560785
-77.6777501,43.0861705,-77.67806839023012,43.09354826250151
-77.6777304,43.0861721,-77.67419922588533,43.08846091685211
-77.6777304,43.0861721,-77.67328038992254,43.106183429008446
-77.6777113,43.0861699,-77.68224853543317,43.101282882201104
-77.6777113,43.0861699,-77.71545276080971,43.08651457479574
-77.6777014,43.0861727,-77.68093960356204,43.08958110116359
-77.6777014,43.0861727,-77.67196186878368,43.10935333182979
-77.6776867,43.0861724,-77.67352354627937,43.09823275826726
-77.6776867,43.0861724,-77.67124817984791,43.08586914709545
-77.6776771,43.0861721,-77.6796032426439,43.08518776636153
-77.6776771,43.0861721,-77.69008666747062,43.075527156316156
-77.6776662,43.0861773,-77.65606935474287,43.11256988783768
-77.6776662,43.0861773,-77.67521788834263,43.09823026566669
-77.6776534,43.0861787,-77.66497942001425,43.09412888715428
-77.6776534,43.0861787,-77.68338219353409,43.07716629556306
-77.6776379,43.0861825,-77.65858834986592,43.06061602269458
-77.6776379,43.0861825,-77.67397381756632,43.08170289285004
-77.6776223,43.0861846,-77.6583799394138,43.08885157256452
-77.6776223,43.0861846,-77.64580734511776,43.088535129744294
-77.6776057,43.086184,-77.66624225958698,43.0856086330912
-77.6776057,43.086184,-77.69374000684974,43.07741210679456
-77.6775955,43.0861896,-77.67318076934221,43.07624349230534
-77.6775955,43.0861896,-77.6616547311608,43.12273967482447
-77.6775869,43.0861919,-77.67765389070476,43.088830536431985
-77.6775869,43.0861919,-77.69805748443048,43.07858775169737
-77.6775782,43.086193,-77.70633789723814,43.08645325339262
-77.6775782,43.086193,-77.68620565459831,43.091639165019934
-77.6775744,43.0861947,-77.67682287195905,43.08934525802152
-77.6775744,43.0861947,-77.68402903205723,43.07867209774885
-77.6775666,43.0861947,-77.6848614319848,43.093007037733706
-77.6775666,43.0861947,-77.68614827572092,43.068598501162015
-77.6775478,43.0861879,-77.7064886960155,43.09032474739036
-77.6775478,43.0861879,-77.67758284736608,43.07706870149261
-77.6775276,43.0861862,-77.70699889208711,43.07926011584654
-77.6775276,43.0861862,-77.64985877715587,43.12727593311486
-77.6775069,43.0861856,-77.70583006215283,43.11949459708224
-77.6775069,43.0861856,-77.69088977246334,43.10041231449531
-77.6774858,43.0861826,-77.65786909081932,43.09224600580644
-77.6774858,43.0861826,-77.68081120982075,43.0815335635639
-77.6774702,43.0861776,-77.6741573418368,43.09038361515412
-77.6774702,43.0861776,-77.68044650868204,43.079565002344275
-77.6774672,43.0861729,-77.67392631622131,43.079260624523435
-77.6774672,43.0861729,-77.71257874256064,43.06293655980603
-77.677458,43.0861686,-77.68359838543944,43.09974126510206
-77.677458,43.0861686,-77.6538303040381,43.08274556666355
-77.6774537,43.0861675,-77.66750951196626,43.06905757573532
-77.6774537,43.0861675,-77.6813694600391,43.088076467965365
-77.677446,43.0861639,-77.67512537660822,43.0874986150971
-77.677446,43.0861639,-77.69525678932168,43.08488238525109
-77.6774382,43.0861592,-77.65810613033855,43.09994329605562
-77.6774382,43.0861592,-77.6879053396327,43.10890713754529
-77.6774304,43.0861551,-77.67632773630768,43.066739407294925
-77.6774304,43.0861551,-77.68426834217124,43.08747008923812
-77.6774219,43.0861498,-77.6798408239893,43.089971742704165
-77.6774219,43.0861498,-77.67653227694642,43.09615506410372
-77.6774138,43.0861453,-77.6746452570847,43.0991175048718
-77.6774138,43.0861453,-77.67482609060582,43.10885087003534
-77.6774052,43.0861405,-77.67136407308959,43.10010578516514
-77.6774052,43.0861405,-77.67095361946197,43.084342699658094
-77.6773975,43.0861358,-77.65046818537074,43.08241130095396
-77.6773975,43.0861358,-77.67820766957323,43.120822149747625
-77.6773901,43.0861323,-77.65918682944644,43.10092499296296
-77.6773901,43.0861323,-77.6597623009357,43.075057003347965
-77.677372,43.0861272,-77.65676379669364,43.08673024025346
-77.677372,43.0861272,-77.67440909127137,43.09393926199267
-77.677365,43.0861282,-77.65142425232342,43.04707184483096
-77.677365,43.0861282,-77.67268260308595,43.08698043829394
-77.6773657,43.0861282,-77.68366905705322,43.075058845936525
-77.6773657,43.0861282,-77.685386316461,43.07264967304469
-77.6773695,43.0861304,-77.69439801887576,43.078269057958664
-77.6773695,43.0861304,-77.68107340703632,43.080458506503746
-77.6773733,43.0861325,-77.65398510083826,43.064085924157254
-77.6773733,43.0861325,-77.68589357925714,43.108998581661304
